{"cameraMode":{"drawMode":0,"name":"Shaded","section":"Shading Mode"},"sceneLighting":true,"audioPlay":false,"sceneViewState":{"showFog":true,"showMaterialUpdate":true,"showSkybox":true,"showFlares":true,"showImageEffects":true,"showParticleSystems":true},"in2DMode":false,"pivot":{"x":2.672191858291626,"y":4.939161777496338,"z":-5.967157363891602},"rotation":{"x":0.16562871634960175,"y":-0.6764426827430725,"z":0.160188227891922,"w":0.6995649933815002},"size":3.1670899391174318,"orthographic":false}