{"cameraMode":{"drawMode":0,"name":"Shaded","section":"Shading Mode"},"sceneLighting":true,"audioPlay":false,"sceneViewState":{"showFog":true,"showMaterialUpdate":true,"showSkybox":true,"showFlares":true,"showImageEffects":true,"showParticleSystems":true},"in2DMode":false,"pivot":{"x":-2.8702356815338136,"y":4.297057151794434,"z":-3.82184100151062},"rotation":{"x":0.17438562214374543,"y":-0.5272348523139954,"z":0.11154042184352875,"w":0.8241860866546631},"size":2.232909679412842,"orthographic":false}