{"cameraMode":{"drawMode":0,"name":"Shaded","section":"Shading Mode"},"sceneLighting":true,"audioPlay":false,"sceneViewState":{"showFog":true,"showMaterialUpdate":true,"showSkybox":true,"showFlares":true,"showImageEffects":true,"showParticleSystems":true},"in2DMode":false,"pivot":{"x":3.834552764892578,"y":3.7700462341308595,"z":3.12530517578125},"rotation":{"x":0.04927565157413483,"y":-0.9162613749504089,"z":0.11884196847677231,"w":0.37951594591140749},"size":1.6670901775360108,"orthographic":false}