{"cameraMode":{"drawMode":0,"name":"Shaded","section":"Shading Mode"},"sceneLighting":true,"audioPlay":false,"sceneViewState":{"showFog":true,"showMaterialUpdate":true,"showSkybox":true,"showFlares":true,"showImageEffects":true,"showParticleSystems":true},"in2DMode":false,"pivot":{"x":0.8176859021186829,"y":5.646329879760742,"z":-9.05577278137207},"rotation":{"x":0.3617982864379883,"y":0.03718267008662224,"z":-0.014440059661865235,"w":0.9314143061637878},"size":4.8251729011535648,"orthographic":false}