{"cameraMode":{"drawMode":0,"name":"Shaded","section":"Shading Mode"},"sceneLighting":true,"audioPlay":false,"sceneViewState":{"showFog":true,"showMaterialUpdate":true,"showSkybox":true,"showFlares":true,"showImageEffects":true,"showParticleSystems":true},"in2DMode":false,"pivot":{"x":0.8579205870628357,"y":10.13451099395752,"z":9.92010498046875},"rotation":{"x":-0.00006550476973643526,"y":0.9983800053596497,"z":-0.05727950111031532,"w":-0.0011966424062848092},"size":9.75251579284668,"orthographic":false}