{"cameraMode":{"drawMode":0,"name":"Shaded","section":"Shading Mode"},"sceneLighting":true,"audioPlay":false,"sceneViewState":{"showFog":true,"showMaterialUpdate":true,"showSkybox":true,"showFlares":true,"showImageEffects":true,"showParticleSystems":true},"in2DMode":false,"pivot":{"x":-1.8417340517044068,"y":20.3974609375,"z":20.100923538208009},"rotation":{"x":0.03581800311803818,"y":0.9547005891799927,"z":-0.2660817503929138,"w":0.128507599234581},"size":9.75251579284668,"orthographic":false}